,Decoy,Score,OCD,H Fr,H1,H2,H3,L Fr,L1,L2,L3,design_id,Lowest,seq
0,0.0,-719.3178734824068,3.947567616696806,0.3436403296835481,0.7952423388371967,0.3819452347173223,1.5345571385849437,0.2880304226990456,0.2504679926560723,0.3102532245997154,0.4669618875114874,0,0,HFHMFWHGFYI
1,1.0,-726.3626988630361,3.732267878676312,0.3441700785108224,0.7920350405776653,0.3487776528948976,1.59881895170997,0.2792408204676754,0.2465488582862095,0.3094596728570237,0.4536212733398103,0,1,HFHMFWHGFYI
2,2.0,-715.9122606621235,3.8259911124693855,0.3425305340062244,0.7927880875634903,0.3897319445745713,1.5502564863546502,0.2909695214597055,0.2408190161269752,0.3234687440251351,0.4444462539386783,0,0,HFHMFWHGFYI
3,3.0,-723.5673423869572,3.8711606054121823,0.3393512024337894,0.7949569953679081,0.3465515880383579,1.546752225943707,0.2917366931985609,0.2508459877717672,0.3492105550894182,0.4751322424086304,0,0,HFHMFWHGFYI
4,4.0,-715.7029468362438,4.019769503494173,0.3521152910722654,0.7925135978396262,0.3369351534019852,1.622076758906439,0.2854506186480909,0.2434648067457563,0.30840749561283,0.4451431479380264,0,0,HFHMFWHGFYI
0,0.0,-736.5705164763979,3.451384778438687,0.3395252835366104,0.7836445190971724,0.3993875555166555,1.7161263569439846,0.2902389394184804,0.2311751680976811,0.3618835582846639,0.4722123606596899,1,1,RRDFRGYYMIY
1,1.0,-727.608747415357,3.619312659628776,0.3448520237319633,0.786008256689608,0.3895168359699029,1.6074689170696517,0.2976735556825958,0.2441654095540817,0.3754883426954599,0.4910351374322707,1,0,RRDFRGYYMIY
2,2.0,-731.6260041369812,3.671084136272012,0.342367667335161,0.7898092694796423,0.346393289001779,1.7190791229156974,0.2923701638477556,0.2351658904469911,0.3726099073065953,0.4564445853929532,1,0,RRDFRGYYMIY
3,3.0,-730.0833968271725,3.882398394380325,0.3452158563622233,0.7775959505400436,0.405398991710431,1.9880644565886088,0.2829688924937454,0.2377156034603142,0.3772125063727079,0.4349334042434865,1,0,RRDFRGYYMIY
4,4.0,-732.0130375014866,3.8166014971344575,0.3421923833171298,0.7838307720022593,0.3902716080714476,1.6684611255515285,0.2942498942299677,0.2471953802267515,0.3747339499367577,0.4720442099428793,1,0,RRDFRGYYMIY
0,0.0,-726.062311443035,3.728592428287928,0.3409808710344595,0.4448167919709643,0.4182241749440442,2.1700712419040133,0.2828321748444872,0.249759193190508,0.3759257236148768,0.4493640306212525,2,0,TSDGSHHAARW
1,1.0,-729.9772356083071,3.71429494837748,0.3407318458183601,0.4510883133784827,0.4459168994795435,2.115070560557297,0.2965068919839972,0.2483016355637208,0.384904471342948,0.4276712808679415,2,1,TSDGSHHAARW
2,2.0,-720.9005442451602,3.7017732218518944,0.3466186250915962,0.4740873710148373,0.4228855492073927,2.187790760289577,0.2819105883203769,0.2505440738578239,0.3882548364937607,0.4561734062528623,2,0,TSDGSHHAARW
3,3.0,-710.3309856973182,3.817448368434079,0.3445517793044536,0.459128106822574,0.3835377945434306,2.1472736574859925,0.2934008153705596,0.2275206991924497,0.386418686370236,0.4792822500493046,2,0,TSDGSHHAARW
4,4.0,-727.5653440923228,3.5106919565829973,0.340639534572286,0.4512167094295571,0.3811101545063224,2.195863999542245,0.2803888301293289,0.2789531952558629,0.3791904683200803,0.4459057620064326,2,0,TSDGSHHAARW
0,0.0,-738.7341163967714,3.627585219348117,0.3364386388922899,0.4551658489077367,0.378345038705164,1.905667320486155,0.2915096783082984,0.2375342602900892,0.3759205167165007,0.4517403583939289,3,1,RDRAFYTFFIK
1,1.0,-733.9305833669869,4.160244620611688,0.3375377935790455,0.5300668214997221,0.3928210757518506,1.974540700296258,0.2937393855080316,0.2463010261504259,0.385430373753645,0.4452822593212649,3,0,RDRAFYTFFIK
2,2.0,-735.3012953295226,4.023724691100297,0.3376840657124449,0.4816442081755825,0.3390678985531327,1.9596614224703317,0.2899179434692391,0.2320273546439451,0.3746801700909075,0.4213538768053526,3,0,RDRAFYTFFIK
3,3.0,-728.6389144355195,4.140564101958072,0.3400983598193324,0.503365489786542,0.3408088339809979,2.0041778454914843,0.2995346725929845,0.2476750447841892,0.3814667223643557,0.4507833990993709,3,0,RDRAFYTFFIK
4,4.0,-733.3318299157414,3.885381378601212,0.3412816265014265,0.5542172921850554,0.3516149254578857,1.941052798454572,0.2902219032681341,0.2323759040085064,0.3738266946696468,0.4217686478127426,3,0,RDRAFYTFFIK
0,0.0,-721.9774884093437,3.855332363555615,0.3425542582178334,0.8062698887882779,0.3847944996345714,2.12578406654865,0.2887029651128335,0.2558333760389975,0.3612082012602788,0.4701584105621623,4,0,RDDGDRNSFYL
1,1.0,-726.1044252104193,3.816035814875288,0.3404964767517031,0.8114471971513024,0.3877514244131105,2.1012087437687503,0.2877061835972943,0.2508070525071846,0.3611671298164727,0.4785461583308628,4,0,RDDGDRNSFYL
2,2.0,-726.9628276451182,3.4746538928388286,0.3432548773067672,0.8068122947583216,0.4060493423479872,2.0941053349740364,0.2755831060181601,0.2535183627399516,0.360710694457621,0.4586399722309305,4,1,RDDGDRNSFYL
3,3.0,-715.1752570042203,3.5623384744659456,0.3443367072417234,0.8318515348692791,0.3815362415623137,2.119517074668507,0.2811692958182926,0.2527815848955777,0.3651343673768932,0.4500316304137354,4,0,RDDGDRNSFYL
4,4.0,-724.2468369835256,4.156326584248125,0.350422419233715,0.8123453906344734,0.3796843220622415,2.1067953368878483,0.2907780893957716,0.2534029726423724,0.3836291700858789,0.4512056950332411,4,0,RDDGDRNSFYL
0,0.0,-744.6478795073496,3.861492091990663,0.3410294607027315,0.4181041092310552,0.3739413292902845,1.7599403675486782,0.2881076450524635,0.2532749759907825,0.3780109636825354,0.5024358357015483,5,0,TDQFDSWRLVW
1,1.0,-749.4308355771603,3.5084625557397877,0.3378950190759744,0.423378525752686,0.365228782570885,1.7896535799351008,0.2844412399455875,0.2416510798768384,0.3902494421829595,0.4749663817027196,5,0,TDQFDSWRLVW
2,2.0,-755.7665215826032,3.607619914079191,0.3381570863293824,0.4177063480277075,0.3761500144116841,1.818647177600466,0.2782972314883001,0.2484407282336187,0.3777481874498964,0.4749555162860591,5,0,TDQFDSWRLVW
3,3.0,-763.0621282198586,4.146535771714951,0.345184591526851,0.4134339167720318,0.3653178791426195,1.8331280604638205,0.2903697191074203,0.2495685213724353,0.371957502044165,0.4825980016404387,5,1,TDQFDSWRLVW
4,4.0,-743.5100986990211,3.799766394870373,0.3413282303026078,0.4265477580147219,0.3839491045474408,1.7809926373500766,0.2927578094118132,0.2530090352383194,0.380992789498998,0.5031974638482928,5,0,TDQFDSWRLVW
0,0.0,-737.5563416577012,3.9674138959077374,0.3475380924708994,0.8105750943646347,0.3865413796815045,2.044097321508646,0.2914751379945842,0.2393941157853436,0.3789766252939988,0.4438753695569722,6,0,KFSDDNEALRW
1,1.0,-729.6107710325732,3.810274878694494,0.3479301376626258,0.824319155493678,0.3597643511439581,2.0649512346753784,0.2835106027175046,0.2458268377647498,0.3759154497293278,0.4621184657101883,6,0,KFSDDNEALRW
2,2.0,-719.1021246273481,3.5926168842367927,0.3464623961187631,0.8183973627452992,0.3952137805739067,2.021920876500813,0.2750169610693523,0.2461048564226729,0.3716675771065299,0.4926129465867931,6,0,KFSDDNEALRW
3,3.0,-722.0311876357425,3.551446565526442,0.3439782486850171,0.8043139764165963,0.3786631297505833,1.843687996734974,0.2848008888650599,0.2185709606743176,0.377110520347211,0.4841455499586911,6,0,KFSDDNEALRW
4,4.0,-737.6339463083613,3.83720873131078,0.3482986442608561,0.8130506448702156,0.3972850216138727,2.077704644517072,0.2733843183642913,0.2373908696748656,0.3778659601358702,0.4290589365202894,6,1,KFSDDNEALRW
0,0.0,-701.3922704766027,4.110912092230338,0.3448528290974519,0.4875831001620339,0.4099607758575794,1.710335404288162,0.2950672581156136,0.2532596002393095,0.3420927590422142,0.4913249495079701,7,0,GFMMSYATMYH
1,1.0,-726.310185412281,3.9055112279834217,0.3455317944221809,0.4770693234098053,0.4232418255469925,2.0503375967229016,0.2897099105029096,0.2446661478479629,0.3458332045193757,0.4906833864956073,7,0,GFMMSYATMYH
2,2.0,-737.8724879820738,3.620440937208646,0.3344218371805652,0.4124738625226852,0.3893620075747155,2.419322541308304,0.271922275544405,0.2441406474508602,0.2971208131954764,0.4597322863761577,7,1,GFMMSYATMYH
3,3.0,-736.1905666901332,3.818907707589831,0.3392347289442428,0.4309294358311562,0.3816886802093182,2.113226526591471,0.286743362208238,0.2506186592744019,0.3411477544371,0.4743762711988945,7,0,GFMMSYATMYH
4,4.0,-726.9690568324776,3.93970216851605,0.337728942537588,0.4848043979293223,0.4095543387165948,1.7770447358063282,0.2905532325083199,0.2524205041978293,0.3369776765495868,0.4837016211393373,7,0,GFMMSYATMYH
0,0.0,-745.1129652056561,4.106415507856519,0.3502389877820399,0.5414115666202663,0.4069976690459739,2.589452223270381,0.293429266712444,0.2523082922933681,0.3764903461393276,0.5107028165846391,8,1,PRDKWHGRFEI
1,1.0,-731.5207453213479,3.9859432756463016,0.347452019602526,0.4917563038999634,0.3554611398225319,2.5437570205787314,0.2922664605796255,0.24914921059738,0.3784112768026277,0.5321908180779772,8,0,PRDKWHGRFEI
2,2.0,-739.3796487080831,4.112047059411204,0.3483273279713929,0.5610520366774826,0.4073700948793922,2.5431360489867907,0.290553456879066,0.2524574605521524,0.3777351437990727,0.5196724932259664,8,0,PRDKWHGRFEI
3,3.0,-730.2624910496418,3.692589390617589,0.3508360337602837,0.5752144373066965,0.4041167004826561,2.472139335973904,0.2870754524502995,0.2545189956628497,0.3805664658090342,0.5254334289184548,8,0,PRDKWHGRFEI
4,4.0,-733.2599645441381,3.591424378240676,0.343578164847433,0.5574663370536607,0.3848376190584118,2.4022913747794443,0.2808389750656062,0.2461065939441207,0.3724620799941097,0.5076743649835652,8,0,PRDKWHGRFEI
0,0.0,-717.8267950792523,3.4037954914450563,0.3440641499555784,0.4664636193082766,0.4263344297977956,2.1255977205803016,0.2795098789555261,0.2488078651103576,0.367817861312769,0.4980235594428495,9,0,MRRDENRAWEL
1,1.0,-734.4005391495606,3.884707900854941,0.3393488861987716,0.4148663604382442,0.4739489481508883,2.366580249454388,0.2843513649239274,0.255540391630577,0.3681798932634261,0.5032825659138163,9,0,MRRDENRAWEL
2,2.0,-713.3290818913595,3.899197443471292,0.3472408106492103,0.4427023196493354,0.3949206404069904,1.914693562117452,0.2964487101543429,0.2459762644851709,0.3659018133529483,0.5072302056514683,9,0,MRRDENRAWEL
3,3.0,-741.3363969191565,3.910413614491085,0.3548616909670355,0.445684377390862,0.4045008437930378,2.2486063008063213,0.2867401097186816,0.2334094235666741,0.3665624812310159,0.4648393831757586,9,1,MRRDENRAWEL
4,4.0,-715.491430911432,3.653484044907808,0.3451618546671743,0.4761162150296843,0.4031242068689461,2.1646704517184747,0.2839745940451242,0.2373892836945598,0.3668340605685282,0.494464426100158,9,0,MRRDENRAWEL
0,0.0,-730.60216317362,3.663215206207562,0.3430862602752038,0.4568850008841543,0.4033193456919985,1.6558910578530894,0.2863210043969936,0.2337454756906385,0.3744380240206501,0.4650873646960872,10,0,SDDDNVANLII
1,1.0,-729.8963466975442,3.837735656085642,0.3392137921134676,0.5035502677326603,0.4467966007807029,1.6396262765163807,0.3032452194118613,0.2633677757659943,0.3735370042400008,0.4619640066681501,10,0,SDDDNVANLII
2,2.0,-735.1566307004119,3.8836456587257606,0.3413543151444345,0.4366473653901331,0.4217944071470524,1.5306698831948764,0.2953315872891382,0.24245672039126,0.3770843822077798,0.4758198144902646,10,0,SDDDNVANLII
3,3.0,-735.9592888042522,3.8059874826386335,0.3420964967416778,0.4944538271839775,0.4573708917618817,1.6027039315004437,0.2930307475487549,0.2397631660771708,0.3815499306093176,0.4872857242729677,10,1,SDDDNVANLII
4,4.0,-732.8741475086106,4.132837622814675,0.3522554726245843,0.511589140282601,0.4133865888848116,1.616846523328715,0.2986451202412658,0.2419867048154863,0.3812122666284274,0.4802136144138859,10,0,SDDDNVANLII
0,0.0,-718.9104339905228,3.797327487976076,0.3437378638340333,0.7684992724511897,0.3715124718556141,2.2741469013921267,0.2878591674380312,0.2491454101328598,0.3837560967446102,0.4899302435546678,11,1,AWGDDWGQLYW
1,1.0,-708.2151566334464,3.4908906271498137,0.3454284294568708,0.7673645665669303,0.3662413311512686,2.260465425011502,0.2826641566034332,0.2333312858724386,0.3565047015415577,0.4539388870866295,11,0,AWGDDWGQLYW
2,2.0,-712.5900488553133,3.5429532694161496,0.3454670420963933,0.7704738337840025,0.3728180435297449,2.2498847052409703,0.273244996107772,0.2469911196949054,0.3301208002609562,0.4760746639700569,11,0,AWGDDWGQLYW
3,3.0,-706.9687710725763,3.813849851058371,0.3481476515497799,0.7704131913455711,0.3503662018607099,2.1321809415665967,0.291659206496555,0.2543665734908457,0.3276480271444746,0.5038642728756642,11,0,AWGDDWGQLYW
4,4.0,-711.5351357902755,3.670996888384327,0.3474979725951211,0.774937661438986,0.3559852091457773,2.157639597867369,0.2900341731771185,0.2321656503478302,0.3457759411585528,0.491024539283555,11,0,AWGDDWGQLYW
0,0.0,-710.0923741796341,3.4977623788720376,0.3408734393715942,0.4139079014313402,0.4030913767564246,1.7684782875465983,0.2841374074784443,0.239790259978892,0.3927260560589596,0.4457228254521794,12,0,TWNVELHYLDI
1,1.0,-734.095418100772,3.7558474058368776,0.3480257998977887,0.4563900080751623,0.4048001980961417,1.6709396543739272,0.2736722467807818,0.2463233287306103,0.3692565407547208,0.4573913692890362,12,1,TWNVELHYLDI
2,2.0,-718.6755425224337,3.837763180259008,0.3422030714774181,0.4129575663804348,0.3990880568804809,1.7706810285105974,0.2883461537858692,0.2504192204674555,0.3727467509150159,0.474973435206892,12,0,TWNVELHYLDI
3,3.0,-717.1806600327511,3.853085428294249,0.3462080876428416,0.4667869018853257,0.413629634890161,1.811122408737397,0.291173449070506,0.2504506648713022,0.3751941150818306,0.4803192874945954,12,0,TWNVELHYLDI
4,4.0,-710.0659708708475,3.767110184567695,0.3400383560503031,0.475187249650751,0.3749865337409556,1.761894114454468,0.2945455320223441,0.2508532657214417,0.3770697507320903,0.4912476608577508,12,0,TWNVELHYLDI
0,0.0,-727.1393891842996,3.4691820802928803,0.3439455165656475,0.7998867965764958,0.4525166257058227,1.9453602577363365,0.2726920044998251,0.2242913582644042,0.2888329819466741,0.4874480493980658,13,0,EGGGDKHSAEY
1,1.0,-715.4539900969436,3.652810060531784,0.3436223434998818,0.8044450248974631,0.4287427737988135,1.9541821205207608,0.2837815982169495,0.2503493365561226,0.3628853973097942,0.4980597385065074,13,0,EGGGDKHSAEY
2,2.0,-729.0565102205076,3.5166548026011126,0.3419036451727361,0.8025754623750535,0.4438869499975896,1.812617682169513,0.286604983358923,0.2351481996649876,0.3291770949639722,0.4907562217257967,13,0,EGGGDKHSAEY
3,3.0,-735.2842146135066,3.5421060378558167,0.3451503542306284,0.8051577639204961,0.4120184453777428,1.9657225870717707,0.2799148986926463,0.2431747092628315,0.2891430772114231,0.5028369461013587,13,1,EGGGDKHSAEY
4,4.0,-732.9523398142613,3.4539898955272235,0.3437085042716994,0.803980448152564,0.4442240174208393,1.905687848064276,0.2800263609770477,0.2438168713081285,0.2881716839778584,0.4999557175411336,13,0,EGGGDKHSAEY
0,0.0,-735.9692627845383,3.642207864258958,0.3443919088005797,0.4955253007790894,0.4123661083104779,2.4978043446434657,0.2799412545007087,0.2436939538696828,0.369819706123532,0.4881412450954162,14,0,ADNKEVYSYLH
1,1.0,-743.8993203360557,3.942532260967179,0.3408345731033861,0.4481820561751089,0.412689451235217,2.5067962323963413,0.293326196792976,0.2451918821303252,0.3866571444037863,0.454327085742317,14,1,ADNKEVYSYLH
2,2.0,-740.2085245416098,4.2711496919573255,0.352478657834987,0.3999571195602041,0.3974567199301734,2.4858944075533755,0.2888286024776554,0.2490990660057363,0.3775051777822283,0.4920178756837306,14,0,ADNKEVYSYLH
3,3.0,-736.8788771645175,3.955654745341626,0.3438901133847604,0.4704581691819126,0.4173834565517948,2.5115876514865465,0.2765117970908766,0.2506901651609239,0.3665071958017021,0.4677501444165645,14,0,ADNKEVYSYLH
4,4.0,-724.6240068724345,4.2160707475879455,0.3521000656749319,0.4933596901730346,0.4229258003629937,2.50997139181341,0.2760459432222283,0.2509190782747316,0.3589042330603467,0.4658924266019146,14,0,ADNKEVYSYLH
0,0.0,-732.5283540310259,4.079040808568527,0.3416595858217157,0.5370379852263355,0.3908572967352959,2.2195927946045884,0.2975794490941668,0.2420690168488956,0.3791170441664355,0.4792633433989126,15,0,HASPDSHMFPW
1,1.0,-735.2032752694282,3.9388829563982704,0.3341383437410576,0.4700173415230899,0.3919760570308976,2.091128421762378,0.295711975058323,0.2472053244752224,0.3719632930396675,0.4617544758182966,15,0,HASPDSHMFPW
2,2.0,-728.5266519769825,3.673567270622384,0.3385654729116164,0.505087031617119,0.3879059300826714,2.1139141683072933,0.2880965839934239,0.2408788828056025,0.3742101418077058,0.4539085943260841,15,0,HASPDSHMFPW
3,3.0,-739.0300163520276,3.819615454680098,0.3362761551611375,0.4401552289753612,0.372241522769798,1.9475635260037112,0.2903628017764171,0.2373026849010782,0.3736492601935994,0.4060431997958396,15,1,HASPDSHMFPW
4,4.0,-737.91866518015,3.839832100110572,0.3428846911768724,0.4606033435516539,0.3646850086028998,2.1035847502750937,0.2879357209746869,0.2377659042998637,0.3736395490461207,0.4352358894443843,15,0,HASPDSHMFPW
0,0.0,-714.8356163164121,3.4931785810550173,0.3445037962451977,0.4175798017182265,0.4570896465396067,2.069838089439913,0.2933588059783986,0.2296341301977632,0.3853852370575881,0.4547732310170311,16,0,TSMMDVARFEF
1,1.0,-717.0318333249038,3.9799787556406185,0.3471096897353482,0.4719044155727659,0.3989818303822042,2.011067039020282,0.2989126786625832,0.2461558400955002,0.3713804657397803,0.492392561342649,16,0,TSMMDVARFEF
2,2.0,-717.1406370765856,4.127836597181652,0.344368390529235,0.4309477501520419,0.3702711001430272,2.069625677078016,0.2986053085383045,0.2509479728639458,0.3751467926074693,0.4679319082741617,16,0,TSMMDVARFEF
3,3.0,-715.6941229185973,4.085452809732793,0.3364752634459049,0.4149207853493684,0.3587238025954766,2.116447469344134,0.2934857513189879,0.2394831318951795,0.367978583287688,0.4490486635907749,16,0,TSMMDVARFEF
4,4.0,-721.8012975548545,3.629880980310572,0.3453503818623827,0.4381487506642323,0.3617930739773792,2.028861053828237,0.2880468815806546,0.2356404893367922,0.3721753492877857,0.4726457805675316,16,1,TSMMDVARFEF
0,0.0,-732.8382703779124,4.169405710251931,0.3412242569067837,0.473973123026037,0.3932221032319507,2.1008412793270024,0.2869092110466544,0.2575746760532009,0.3689925329362136,0.467689487697145,17,0,NRDTFHHDFIA
1,1.0,-733.6112597566799,3.7442979767247055,0.3393016955106967,0.3937048901172778,0.3746784606739224,2.114921952607072,0.2767225195628947,0.2494989352993021,0.3457514888720019,0.4477443854022316,17,0,NRDTFHHDFIA
2,2.0,-737.2796137589581,3.742855113804044,0.3387451468951672,0.4587187503787611,0.4101917801456461,2.1531902832258023,0.2834441577217276,0.2476496588697784,0.3706783444369471,0.4446757694634863,17,0,NRDTFHHDFIA
3,3.0,-738.2168676302256,3.751468727117988,0.3379379489225034,0.4685949342569442,0.4132411218149595,2.026906549239898,0.2793779753504749,0.2427903514011422,0.3884519497609126,0.4386978348912218,17,1,NRDTFHHDFIA
4,4.0,-728.181029933008,3.9828538112899583,0.3411382426686693,0.3931653150191741,0.4070031270217166,1.9896071415259045,0.2889578195940951,0.2545116176193308,0.3699192255178151,0.4637423475305328,17,0,NRDTFHHDFIA
0,0.0,-703.4019523937048,3.739395899608929,0.3411788175895873,0.7773035722667417,0.3880974178959466,1.6305512860084244,0.2887422279170308,0.2311855297977854,0.3826131357169542,0.5107650307722077,18,0,HEDGEHQDFLL
1,1.0,-700.6439991712645,3.6137396163239175,0.3424123649423357,0.812358752177169,0.350655992463785,1.8515769402857756,0.280795438880041,0.2465325944730932,0.3694081208731556,0.5350439994110802,18,0,HEDGEHQDFLL
2,2.0,-696.2284055511302,3.6049611379388655,0.356802207674863,0.7882086084646509,0.388029397184171,1.88684687041665,0.2807441946058822,0.2476255273266067,0.3742550721081801,0.52405630203869,18,0,HEDGEHQDFLL
3,3.0,-703.4993964529224,3.424970992445848,0.3408919898306706,0.8085541928759814,0.3948368026430111,1.7811621508811712,0.281063114940156,0.2454890441314059,0.3642826938171872,0.4999366761414405,18,0,HEDGEHQDFLL
4,4.0,-713.4155309268555,3.589539701269095,0.3445545258548497,0.8002125028885902,0.3640164884637571,1.8288385944088512,0.2820550604206979,0.2472389159532508,0.3681693385157543,0.4821440747384613,18,1,HEDGEHQDFLL
0,0.0,-723.4736704244776,3.9282430951152127,0.3427798825310724,0.7811167555128751,0.363977476030724,1.817612544366915,0.2871661546410832,0.2405589337262606,0.3769139281992811,0.4186119030554447,19,0,EFGPAFEDFQL
1,1.0,-731.0844737772957,4.333126059027132,0.3543955918568559,0.7703943561100728,0.3564317247852044,1.7225132160314918,0.2942179403009126,0.2607943687136423,0.3755461237217747,0.4455500861654441,19,0,EFGPAFEDFQL
2,2.0,-719.6827400192016,3.681979420619623,0.3459466347119369,0.7631105680048335,0.3800597568441533,1.7507532478070549,0.2903921878111504,0.2378825963516775,0.37185926216159,0.4407001573616626,19,0,EFGPAFEDFQL
3,3.0,-733.553264829826,3.679626696152088,0.3450709278676238,0.7761214167864576,0.3542980801587989,1.6711158155585344,0.2897976578603755,0.2365068932340776,0.3724745969899824,0.4342832865106228,19,1,EFGPAFEDFQL
4,4.0,-718.4319118066616,4.03429303204085,0.3505679713018357,0.7793857457397787,0.3600100411614713,1.7585416787614172,0.2911441844623426,0.2365494259027513,0.3715735184376448,0.448716495473536,19,0,EFGPAFEDFQL
0,0.0,-748.1329896732398,3.8056612372010488,0.3405243181044216,0.4734146625796808,0.4132220106316083,1.799491893148617,0.2827496010054977,0.2329302293216379,0.3764659936001597,0.4057018652513306,20,0,WPSGTDEQFGW
1,1.0,-751.3478561912693,4.21325566617192,0.3392092663113944,0.4771612593270211,0.4050416654620116,1.7816627081969207,0.2978192896871996,0.2530226071814624,0.3781324659927363,0.4197070923824693,20,0,WPSGTDEQFGW
2,2.0,-753.7270616047863,3.909971473244354,0.3430239398665078,0.4541218409535686,0.3856927615365498,1.8381998432526103,0.2931921234357034,0.2327958473926259,0.3827830785240045,0.391648202674308,20,1,WPSGTDEQFGW
3,3.0,-750.6635595248388,4.227966987303243,0.3404029259064626,0.4666610938715546,0.3781054264436223,1.8303494260883608,0.3000210143353087,0.2528973652817238,0.3714587846571657,0.4103740048792188,20,0,WPSGTDEQFGW
4,4.0,-746.8312715622008,3.843491202448424,0.3418639222807195,0.4667005008829497,0.4270578119184669,1.7695407185316705,0.2865605360435728,0.2484877079172874,0.3699324371137373,0.4128193623723679,20,0,WPSGTDEQFGW
0,0.0,-731.927008217117,3.7342915976797904,0.3400182871382061,0.4914642039124057,0.3929762841159137,2.616512190379389,0.2833285147178657,0.246790234366014,0.3991714287436848,0.4715720607225137,21,0,KRNQEYHMLRH
1,1.0,-732.0936543922522,3.8965388440628415,0.3376641623189948,0.4693788584303667,0.3601515556059655,2.3161790401262463,0.2838968885775201,0.2400048911263639,0.3661731651102116,0.4616177724148654,21,1,KRNQEYHMLRH
2,2.0,-726.8145302735978,3.763628299196601,0.3402470094515001,0.4805725974898992,0.38795809129061,2.694368437931061,0.2802039003101388,0.2425351806016352,0.3794380872013296,0.4644360809645045,21,0,KRNQEYHMLRH
3,3.0,-717.8769517205709,3.96126407980614,0.3410393207944303,0.483314231250857,0.3897082141626632,2.437146421151256,0.2935615859646379,0.2465491382071964,0.3700928282857391,0.4618431990026871,21,0,KRNQEYHMLRH
4,4.0,-730.8906517430318,3.8597534883200657,0.3392817756041709,0.482684085629859,0.362695248048087,2.741532889562489,0.2830794814147194,0.2452739304693688,0.3796730065350704,0.4434478771020888,21,0,KRNQEYHMLRH
0,0.0,-718.3377807810697,3.722157617833653,0.3437423354755118,0.8212538286148993,0.3959740763551344,1.7320782472068652,0.2831926610006844,0.2475489454299306,0.377425909384416,0.4727525271443469,22,0,EENDDKHFFII
1,1.0,-717.6541765937445,4.026564287449897,0.3430916358207052,0.8173699190865427,0.3599775551580064,1.7155235272784028,0.2833241817660147,0.2377244271635211,0.3829556533608423,0.4660990187617902,22,0,EENDDKHFFII
2,2.0,-719.1670690762817,3.973632277210805,0.3459728448794464,0.8144526942815407,0.4066390182950662,1.70550279976396,0.2961842812451975,0.2586042652762816,0.384166783458524,0.4966816201595186,22,1,EENDDKHFFII
3,3.0,-718.5303081964158,4.101202793985844,0.3542679634832514,0.819687929206051,0.3691468340736655,2.010228844447347,0.2848580326437195,0.254186115516138,0.3708748903847786,0.4736635416566503,22,0,EENDDKHFFII
4,4.0,-717.6659197609808,4.224705395891463,0.3515393995654217,0.8088958433076444,0.3532943844484849,1.6918167061973386,0.2903645224744122,0.2577774271677769,0.3849889401752947,0.4883185248935057,22,0,EENDDKHFFII
0,0.0,-726.7949226347716,3.995521375359136,0.3520934618862429,0.4983937025116185,0.4581873595080729,2.1277344667440428,0.3023317147329912,0.2403299155657274,0.3940301721269139,0.4702318840973422,23,0,PFGMDEGFFRL
1,1.0,-730.2434358095697,3.775037980993521,0.3485491871815057,0.5064703642174032,0.4157337441106227,2.1370186195051497,0.2899628611528686,0.232217152787351,0.3930231743222565,0.4629092898070622,23,1,PFGMDEGFFRL
2,2.0,-708.4146397878696,3.8898561925095447,0.3583809033652759,0.5178794244588716,0.4005154721090977,2.13926298925993,0.295091605410921,0.2437416257237769,0.3901369683958527,0.4922061561313968,23,0,PFGMDEGFFRL
3,3.0,-727.611780904373,4.083992800908719,0.3507699860152953,0.4536171750002219,0.3582644165460567,2.047957180136163,0.2961904428291483,0.2364685680410367,0.3927292684490983,0.4514976215715271,23,0,PFGMDEGFFRL
4,4.0,-726.6049413918632,3.968833393955212,0.3429631438191594,0.5006416651566387,0.4615965202855117,2.0618396555540417,0.297292442535324,0.2455396639069155,0.3937645058997773,0.4621075679064558,23,0,PFGMDEGFFRL
0,0.0,-736.7713123576312,4.172104584526592,0.340766555243466,0.4908601556257483,0.353553814314371,2.214556385783104,0.2937553838413002,0.23853632990558,0.38875229233974,0.4653040433967823,24,0,ARNGERAMPYW
1,1.0,-732.3173649429864,4.070875720930174,0.3385274704099008,0.4779055255078055,0.3936107496909337,2.2262677598854594,0.2982883063217694,0.2459237167668828,0.3904194174840212,0.4587592094718914,24,0,ARNGERAMPYW
2,2.0,-742.8010146560142,3.948952728661619,0.344220788523903,0.4233613866221687,0.3844765710994567,2.143268660756924,0.2916752059160158,0.2456890816728337,0.3918577634125027,0.4288723778164723,24,1,ARNGERAMPYW
3,3.0,-734.454413022507,3.9048963154832905,0.3396271878588314,0.5139853924031679,0.3572659375551392,2.114909798403398,0.2964409594942689,0.2155391416680249,0.3902837751801709,0.4315194492156708,24,0,ARNGERAMPYW
4,4.0,-724.3827727640927,3.772434392475628,0.3392837350543903,0.4830733041982714,0.3850456425892289,2.160131797463692,0.2863885349882457,0.2122080493185739,0.3817196279247183,0.4382046705828845,24,0,ARNGERAMPYW
0,0.0,-732.2719120000295,3.5678257282375654,0.3402472890398466,0.7757868389840417,0.4487332193390814,2.293934050076876,0.285977908322229,0.2432498454655086,0.3269248246406153,0.466499210967557,25,1,ANSNVYRTFIL
1,1.0,-723.5971345475674,3.507155776920886,0.3417284835737105,0.8251957575247492,0.3795518290826616,2.308095751612041,0.2851908621329035,0.2315666423037049,0.3899444529889637,0.4431255724333214,25,0,ANSNVYRTFIL
2,2.0,-726.1049187631326,3.411282434913114,0.3385751964817678,0.7823769971759804,0.4683315914615714,2.276799131483326,0.2822366240182493,0.2444079078526184,0.3793141567020064,0.4545037832983877,25,0,ANSNVYRTFIL
3,3.0,-713.6743032285492,3.602144023749042,0.3462430519561549,0.8276779034219539,0.3722042954108905,2.26560302910964,0.2829743836464714,0.2454662450857481,0.3355961673157832,0.4725898341398214,25,0,ANSNVYRTFIL
4,4.0,-729.5860918126881,4.183306085320868,0.3469812165298268,0.7718447854070756,0.3825321918155533,2.322073004891005,0.2875144351051119,0.2511943554813499,0.347979428214922,0.4958572557415923,25,0,ANSNVYRTFIL
0,0.0,-730.9311507160736,3.777137514126248,0.3528529754206373,0.7717144177915666,0.4166175227346793,1.6088637651946542,0.2877981970136615,0.2464908930967336,0.3694979117623731,0.5030563167589086,26,0,EDDGSKVAVII
1,1.0,-731.5543699551541,3.644631638932886,0.3492634953467169,0.7745559616856263,0.4218412977097311,1.6019777789607228,0.2907178810756542,0.2549708531540697,0.3772239826455094,0.5102989536021566,26,0,EDDGSKVAVII
2,2.0,-737.0888685017103,3.614277719622848,0.347790491190361,0.7767671209086106,0.3790380056776288,1.5960045551429989,0.276489790672757,0.2425714152617251,0.3708529675996803,0.4898393230423591,26,0,EDDGSKVAVII
3,3.0,-734.203618424017,3.460860957731145,0.3481847083905857,0.7746194536608588,0.4268147356110621,1.604357649711388,0.2808577066326699,0.2387117740840195,0.3735091628709938,0.4821134545497023,26,0,EDDGSKVAVII
4,4.0,-740.0489994367734,3.7318183806951017,0.3487273038215207,0.780483877865828,0.3719428968088828,1.600834042518268,0.2856818046856095,0.2557599621440304,0.380450200147828,0.514657444692379,26,1,EDDGSKVAVII
0,0.0,-707.3442347052313,4.0240095591074505,0.3455246564247912,0.4664623912440054,0.3846059651196256,2.227884955933323,0.2893744314096739,0.2533854411137132,0.3333216367785975,0.476899240909109,27,0,ARDDADHAMKL
1,1.0,-710.260790210221,3.800213806863725,0.3364747611106231,0.4664686492176651,0.4277835460051937,2.2555900025173985,0.2926070936982606,0.2563558555935055,0.3217165977054985,0.4900235139418475,27,1,ARDDADHAMKL
2,2.0,-703.4069357670539,3.707217223124053,0.3509704967967428,0.4592032384030521,0.3667926895700475,2.010779363571954,0.2866722467811312,0.2461823035895417,0.3104071539927704,0.4719884321285935,27,0,ARDDADHAMKL
3,3.0,-706.7616034919523,3.8287599595136097,0.3406755813044981,0.4680884669326278,0.3969800416948884,2.272882349056745,0.2848452522854015,0.25933176338974,0.3206175809145376,0.4888618424814364,27,0,ARDDADHAMKL
4,4.0,-697.4397593048466,3.959625272563778,0.3482507949462467,0.4696823488448706,0.4310163482233509,2.2954508266314626,0.2909680070058075,0.2591036024737189,0.323182232421583,0.4753546635784166,27,0,ARDDADHAMKL
0,0.0,-727.69211753213,3.959237963912141,0.3379840514813823,0.4002879287314702,0.3799071926782137,1.8773830271324696,0.2946804657670517,0.2441260307727576,0.3720811978920681,0.4691333968247955,28,0,EDNAAGQMLIH
1,1.0,-727.014985953506,3.7700108934416607,0.339455032217706,0.4205226085816484,0.4192478176196553,1.738342278681023,0.2837000064086759,0.2334129007945798,0.3692586222115719,0.4585977448154638,28,0,EDNAAGQMLIH
2,2.0,-722.281890077036,3.646679694595975,0.3393475293057227,0.432396702720581,0.367278262542554,1.8652804311023183,0.2871653936824669,0.2456976718880011,0.3671536635797345,0.4853938988273282,28,0,EDNAAGQMLIH
3,3.0,-732.1894320302307,3.71298978325016,0.3411588143472553,0.4678819177137441,0.3857601683976026,1.817974587965186,0.2869684418856533,0.2472706841082956,0.3675447959190982,0.4874210976064019,28,1,EDNAAGQMLIH
4,4.0,-722.8556585938694,3.9850568735655143,0.3383508845969294,0.4676379529619852,0.377099309586362,1.7794107025886357,0.2957364669108461,0.2508323186681893,0.3828546774661759,0.4855732506888185,28,0,EDNAAGQMLIH
0,0.0,-742.5059726995656,3.9288499913321298,0.3371009509569624,0.4661757119837144,0.4052460459664372,1.9363881892981056,0.2955800867277257,0.2494471892180273,0.3940661815313838,0.4648186938469086,29,0,EATGDGHAMRL
1,1.0,-744.1761523462786,3.852279137034135,0.34203866744026,0.3777535838263336,0.3794856002534255,1.979415648935948,0.2902858446703051,0.2506808807272203,0.3911537041876256,0.4609527890480321,29,0,EATGDGHAMRL
2,2.0,-745.1923109526317,3.88373192453202,0.3386940878261924,0.3802415402956527,0.367597583334711,2.043753422664701,0.2875680654683518,0.2382662813735254,0.3886080167026722,0.4172970897749082,29,1,EATGDGHAMRL
3,3.0,-736.5862588274747,3.6674139262572663,0.3411408657574895,0.4553540825885695,0.3724990852225782,1.925365263959511,0.2760774781601285,0.2473276967798721,0.3861357430100005,0.4510792019915628,29,0,EATGDGHAMRL
4,4.0,-741.0122138279335,3.83945484616744,0.3374458626465677,0.4447137896902669,0.3738685687053101,1.8992704026560492,0.2932946282746874,0.2501699615864779,0.3982968606743826,0.4716096901422838,29,0,EATGDGHAMRL
0,0.0,-713.1956279583868,3.527942937364481,0.34200120353792,0.4173382753073401,0.4193333295288115,2.0396789684750902,0.2826279713115436,0.2339581559349964,0.3751897053000046,0.4751805189956213,30,1,SGHMDLRRFMW
1,1.0,-710.7136603142887,3.5592335668140413,0.344178569430734,0.4244525138062534,0.4240737484374468,1.987641439987864,0.2911787069530709,0.2463788151022021,0.395149636260591,0.474480136020224,30,0,SGHMDLRRFMW
2,2.0,-696.5463014211658,3.7147547490855137,0.3406211056438081,0.4341537035610814,0.382335898267084,2.096509883227849,0.292338882020071,0.2488318951387013,0.4108220445084184,0.4956911749159901,30,0,SGHMDLRRFMW
3,3.0,-700.1127421405466,3.762808136723462,0.3406732250215243,0.4499431923216808,0.3860238478293574,1.96331902691593,0.2879836270150764,0.2506734717309497,0.3773427897909632,0.4856507743595412,30,0,SGHMDLRRFMW
4,4.0,-709.9439192535879,4.084101052092327,0.3448661798794433,0.4508109014181836,0.4061792029164232,2.3475063974464816,0.2893303968073685,0.2527970454820087,0.4065712910498772,0.5012062771374192,30,0,SGHMDLRRFMW
0,0.0,-716.1647948718521,3.8448462871633016,0.3357149332223336,0.3858784936552158,0.3447734594370186,2.2664417225822677,0.2819539457300464,0.2456322305064319,0.3089718800855037,0.4427301717512982,31,0,TSDPDGHAFIL
1,1.0,-728.3491675823893,3.97096214496735,0.34092773493843,0.4009127466893614,0.3906438250598836,2.3845298071100687,0.2916577990525508,0.2497052119053224,0.3057196837401113,0.4523683662166244,31,0,TSDPDGHAFIL
2,2.0,-725.4649670559089,3.6989043416864633,0.3454845622909088,0.4285650274226229,0.4042916085879665,2.267690251773335,0.2807675850132778,0.2473763520418073,0.3065377988850618,0.4363799738353147,31,0,TSDPDGHAFIL
3,3.0,-732.5036942737495,3.7786148215174777,0.3423280743018477,0.4102360811281073,0.365114566814439,2.215657690991454,0.2750039068062587,0.2489745192821109,0.3025735293128737,0.4384136733012981,31,1,TSDPDGHAFIL
4,4.0,-720.6217210229074,3.772930396262181,0.3379162407758018,0.4131387346040084,0.3704934566735924,2.4204484653201708,0.2813255593614049,0.2388027727383857,0.301920911263876,0.4273171137877407,31,0,TSDPDGHAFIL
0,0.0,-689.2506775865105,3.614199633871512,0.3468751143283206,0.795464533966373,0.356798582778358,2.760716711028025,0.2872121320856809,0.2449008471309096,0.3811142674324436,0.4456219904605496,32,0,NDGGTYGTFRL
1,1.0,-699.2290751665766,4.170763607764084,0.3407820697329921,0.7771507743241343,0.3674003974906575,2.660994199977669,0.297525671374774,0.2404807986465589,0.3754138157232284,0.4854814847334169,32,0,NDGGTYGTFRL
2,2.0,-694.9236149571377,4.008258276481723,0.3463240030347458,0.7818190493365534,0.3887546593709802,3.134317523863004,0.299714567994539,0.2298895550875199,0.3818842492644851,0.4466192936678607,32,0,NDGGTYGTFRL
3,3.0,-708.3662767942714,3.720514918678589,0.34049311904299,0.7847690984514047,0.3855227062445083,2.598719703935994,0.3042386701884609,0.2417781083680436,0.3826789382711663,0.483768516683991,32,1,NDGGTYGTFRL
4,4.0,-695.9866806876348,3.9855345617000455,0.3509843788473734,0.7681358190581562,0.3925189601161432,2.746848977840094,0.2877477077834681,0.2452566938732333,0.3761195657802949,0.4405195614751157,32,0,NDGGTYGTFRL
0,0.0,-721.0180372047695,3.58683703197944,0.3381285057568227,0.5215218830900239,0.3948831364471519,2.059037144093516,0.2841233354716888,0.2446437063397676,0.3948531236050908,0.4819585300893539,33,0,KRPDNGHSLWY
1,1.0,-740.9147564635999,3.777485048366743,0.3348174770392902,0.44070786374667,0.3550962244454344,2.202197670234305,0.2921775865077451,0.254291753382616,0.402762237066006,0.515067998103855,33,0,KRPDNGHSLWY
2,2.0,-737.8789343536982,3.706442866584239,0.340486121048082,0.4336902600907002,0.4129771620030147,2.132049063768314,0.285832969293776,0.2477696008858284,0.4180695103842921,0.4938829052780649,33,0,KRPDNGHSLWY
3,3.0,-742.4770041639338,3.573302740565143,0.3427058656210984,0.4641242328755788,0.3668002982016323,2.1264721349399127,0.2790415526268511,0.2464265926700269,0.3957726073344277,0.4710916991555564,33,1,KRPDNGHSLWY
4,4.0,-729.8867892379913,3.5908562321565807,0.3365403970613543,0.4347303314953505,0.3786096491910152,2.18977829428181,0.2815371143980215,0.2474230315611757,0.3685513370581423,0.4678284927807348,33,0,KRPDNGHSLWY
0,0.0,-722.2983077861767,3.988546692711549,0.3465073425627268,0.4824899801965381,0.4499120154174066,1.7963252461687025,0.2877515879776898,0.239827226343337,0.3904718147962203,0.4177136335754781,34,1,EENQSGNAYIY
1,1.0,-717.690455167614,3.7228547485993926,0.3400516634874482,0.4471983083319422,0.4145860338721486,1.8661748320449565,0.3010204847662334,0.2401836302078707,0.3902499629097715,0.4601056394108255,34,0,EENQSGNAYIY
2,2.0,-712.2098315084123,3.735430526322008,0.349493662639433,0.4414625904508757,0.4323299063694101,1.939773729556876,0.3002690887413237,0.2448578556543843,0.3698528341262878,0.4790849835497567,34,0,EENQSGNAYIY
3,3.0,-713.1140065650211,3.9553122896263058,0.3417135962083312,0.5037804535072351,0.4173137586678221,1.8624016839608333,0.2953638983925461,0.2336267774369162,0.3875246294266232,0.4671595323992111,34,0,EENQSGNAYIY
4,4.0,-721.5910934133748,3.552557331507258,0.3362681783720861,0.4963838973577284,0.4609260645605146,1.9225984622521093,0.2830474452888128,0.2402239065122539,0.3915980966431879,0.4269954868460571,34,0,EENQSGNAYIY
0,0.0,-726.0462227340571,3.889813123313188,0.3451630492911465,0.4896362055233125,0.3957841032067966,2.0165867592057465,0.3012974338553242,0.2443364893239522,0.368598124645676,0.5141339163319676,35,0,PSNDSYHRAIL
1,1.0,-739.0071999017084,3.79345839154032,0.3512902743314409,0.4501856724112149,0.4088770293541094,2.0555610271301124,0.2838380219085592,0.2350613465718676,0.3688300948781768,0.4868879753283455,35,1,PSNDSYHRAIL
2,2.0,-732.9251723087609,4.040213706116408,0.3561627423163094,0.4816853877220384,0.4007285902943831,2.0363503727735037,0.2844885033721459,0.2349584693218382,0.3657476795309686,0.4946069649170792,35,0,PSNDSYHRAIL
3,3.0,-722.9118417963002,3.960695304180181,0.3486601603232371,0.4951044116145489,0.3663227464049839,1.9536065721000568,0.3011044334108807,0.2372283384884478,0.3674175627171824,0.495515716655718,35,0,PSNDSYHRAIL
4,4.0,-723.2895861771699,3.8238213801887015,0.346959424665622,0.4979979143833297,0.3938668926669616,1.963868300545724,0.2938004948223978,0.2437692754065486,0.370234846953025,0.5091508235162158,35,0,PSNDSYHRAIL
0,0.0,-732.7856576204766,3.8502198903819327,0.3451724185499061,0.4326776128301045,0.4137925243374824,1.8384794641791533,0.2874708459505429,0.2380820967412917,0.3876185307180177,0.432560367225202,36,1,EDDKWHAFLIL
1,1.0,-716.2925412987521,3.987794246600639,0.3420255659509372,0.4134912063347928,0.4001051743090201,1.6003941122230685,0.2849254170115683,0.2348072172279795,0.3845443968966513,0.4312592945700301,36,0,EDDKWHAFLIL
2,2.0,-721.8202386940906,3.980330952841239,0.3405070370714237,0.4160360054541129,0.4009155690263097,1.789433797948761,0.3013465899661089,0.2407519945895081,0.3812857868716411,0.4255517936888225,36,0,EDDKWHAFLIL
3,3.0,-723.648685898228,3.8303070918977498,0.3498314017578125,0.4808131879314885,0.4250659754269468,1.9843295530762397,0.284542660126359,0.2355069529811817,0.3844269541410863,0.4302083057933144,36,0,EDDKWHAFLIL
4,4.0,-723.1858798083485,3.802561521807337,0.3411657357144507,0.4406386116503891,0.4003049012513661,1.7338814567813436,0.2951554470164739,0.243035328695844,0.379865199194883,0.4100536533140301,36,0,EDDKWHAFLIL
0,0.0,-739.7427890077785,3.5750749798957684,0.3440444153065333,0.4539064410659849,0.4385702112900592,1.5172571123748604,0.2867521882760948,0.2479043235191008,0.3063149555345941,0.4682162887020613,37,0,RGSQSYTSIMW
1,1.0,-733.2927319012774,3.626838397182517,0.3384934336556065,0.4229126362320493,0.446969727859617,1.6060938580763005,0.280761064979235,0.2486994211798519,0.2953157944756733,0.4785321337237671,37,0,RGSQSYTSIMW
2,2.0,-746.6805453858003,3.5279820751277597,0.3405593026375673,0.4402276436299368,0.4077555045700206,1.6339126232442704,0.2787847818383455,0.2355563422270354,0.2942041170184623,0.4671951875756515,37,1,RGSQSYTSIMW
3,3.0,-746.5862046876895,3.87076382014238,0.341860591611537,0.3987378641845234,0.4099813391615558,1.6690059122806764,0.296525658090925,0.2507258413956533,0.2997085913064341,0.4920643367687345,37,0,RGSQSYTSIMW
4,4.0,-729.2434928944829,3.693025982680728,0.3501314883838257,0.4455819947758743,0.4158762182860815,1.6581136805756147,0.2826689213943387,0.2461665364608576,0.306298157750294,0.4708090897321471,37,0,RGSQSYTSIMW
0,0.0,-735.532163738002,3.636745778946707,0.3401845181156085,0.4428529756507333,0.3658351276780069,2.0234574871666657,0.2781709694624381,0.2437825630469692,0.3727163651397058,0.4942206335143446,38,0,ARNDFKHDLVF
1,1.0,-726.2763432734027,3.6188708945704495,0.3378781461077723,0.4155996326604289,0.3882969135968372,1.9851168514799076,0.275835692381789,0.2498011370398185,0.3455361398576647,0.4897879413313057,38,0,ARNDFKHDLVF
2,2.0,-741.8685835220984,3.979267236439648,0.3413456388708017,0.3893386297064554,0.3720129874804033,2.0515093202295653,0.2873611754272071,0.2570791664162685,0.3371016183443503,0.500870285413656,38,1,ARNDFKHDLVF
3,3.0,-725.634885609446,4.110523227433443,0.3427280377263879,0.4086553063592321,0.3399632989298775,2.060804905515788,0.2946352031457913,0.2555323132861189,0.3479476451655591,0.495840173323541,38,0,ARNDFKHDLVF
4,4.0,-732.0694868957146,3.847838193687982,0.337667284945954,0.4250801347213441,0.3668212463459466,2.062127683745291,0.2903829703749919,0.2558936111080654,0.3659452793865905,0.5097024124425187,38,0,ARNDFKHDLVF
0,0.0,-755.1062252478122,3.839158961516732,0.3442082216757814,0.4134473925839552,0.3835168225809757,2.50836008299936,0.2811841719963256,0.2487397412784293,0.3614470534285895,0.464940494017696,39,1,ARNPVHHYLTY
1,1.0,-744.0231329751529,3.404543168522033,0.3397551063256596,0.4594811525805173,0.3979346498564731,2.5496453782335387,0.2809123245045696,0.2434285548558196,0.3713416415921629,0.4697836848224312,39,0,ARNPVHHYLTY
2,2.0,-744.9535759033129,3.6017059994970446,0.3390730497957276,0.4653680596348659,0.4014405154266357,2.4446112174160413,0.2913347529728812,0.2489342759526541,0.3965375736798975,0.4635256530757161,39,0,ARNPVHHYLTY
3,3.0,-751.1095464914871,4.027579686695186,0.3414165706544197,0.4636839027096765,0.3664413063770792,2.4095136590292765,0.2914968885993043,0.2507478389835508,0.3848406573593282,0.4658914627783976,39,0,ARNPVHHYLTY
4,4.0,-747.9389177448168,3.5231146041236268,0.3372928178735116,0.4959150515863584,0.4007401850408186,2.433431555785041,0.2814389290359981,0.2367110137741072,0.3715679269199937,0.461780093806061,39,0,ARNPVHHYLTY
0,0.0,-713.5286278413513,3.7781978794874234,0.3406707321838647,0.7956728070322818,0.4112257299155662,1.7317587584033822,0.2932640309972035,0.2493188799191094,0.3827187490530424,0.4551991893056494,40,0,KRDDTYHQLRL
1,1.0,-720.0751807190875,3.800274220523863,0.34693828494747,0.7882097030615066,0.4075467140838389,1.695725780498707,0.2820970600102379,0.2425482526509121,0.3650993749688546,0.4237886037452738,40,1,KRDDTYHQLRL
2,2.0,-702.1440364481821,3.709969734999496,0.3408682520998231,0.795470673020542,0.4117179657111758,1.6644592648635856,0.2825250834230388,0.2475538621361281,0.3676406256893881,0.4468583759514433,40,0,KRDDTYHQLRL
3,3.0,-715.543911417059,3.752035957148023,0.3401365450057313,0.8007017573208124,0.4070506098865468,1.6653290669466327,0.2819288448512399,0.241991555768573,0.364572922570966,0.4403640165856403,40,0,KRDDTYHQLRL
4,4.0,-705.4923058968386,4.049002247619422,0.3373026683171527,0.8016445080093396,0.3838146227399777,1.6457200333322517,0.2912972266207396,0.2473904447531138,0.3656931373737363,0.462777305515554,40,0,KRDDTYHQLRL
0,0.0,-740.7335585252121,3.7300590428406832,0.3383440392908047,0.4038440994928706,0.39202507139802,2.010961479538388,0.2819951498771572,0.2433542673507616,0.3798051771743195,0.4539838389571309,41,0,APDNAWDALLL
1,1.0,-742.5639716619745,3.944051872449448,0.3410127264823178,0.4648002201950429,0.4283708721546793,1.85947292960406,0.2900159221721948,0.2401915498338466,0.3874757651907327,0.4580537573365291,41,1,APDNAWDALLL
2,2.0,-737.635110376554,3.6271715983363806,0.3381368889668789,0.4753748474905317,0.4181636832170409,1.974974682944464,0.2827704350702219,0.236611144343,0.3940363690595769,0.4500958016676065,41,0,APDNAWDALLL
3,3.0,-736.1769985861918,3.9501223661399,0.3427922002527634,0.4569964520744388,0.4118161192430751,1.9638529287952808,0.2898712089987031,0.250704375254111,0.388424100985167,0.4664998607059745,41,0,APDNAWDALLL
4,4.0,-741.7380930946499,4.067360380603965,0.3484151045850636,0.468383889675052,0.4167990087396986,1.9754866776985744,0.2805791434242714,0.2426617555646796,0.3778509063623086,0.4649974724676219,41,0,APDNAWDALLL
0,0.0,-713.8737956657097,3.751376749795872,0.3517780842131247,0.7867501374264996,0.4026626648485828,2.09895074545804,0.2920700101642238,0.2534085130564943,0.2782196901226527,0.4764619506968375,42,0,THTGAMGAFGF
1,1.0,-719.9616372229765,3.639839304729079,0.3467609066539708,0.7923299854955402,0.4178110339078831,1.8956285950279976,0.2874928441095885,0.2541354391806942,0.2967484632555766,0.4837898671729063,42,0,THTGAMGAFGF
2,2.0,-720.6934746211805,3.6642289559197145,0.3457428769363195,0.7947960034161802,0.4005528981590105,1.9824990110162592,0.2887850783479617,0.250327418085206,0.2852313506597356,0.4817217322191348,42,0,THTGAMGAFGF
3,3.0,-725.9658277822468,3.5541257962060304,0.3495069444977391,0.7914238630014839,0.4177216367191773,2.133335542496614,0.2708802600060132,0.2515068121702987,0.3103692016343853,0.467618979324487,42,1,THTGAMGAFGF
4,4.0,-720.392313244358,3.4962342829293296,0.3426288196345375,0.7948855439103767,0.3885600041216752,1.8826076915573124,0.2818458131687034,0.2468691955436659,0.2730217468272902,0.4679701738834113,42,0,THTGAMGAFGF
0,0.0,-704.6530470051728,3.7834186304290496,0.3440339085182261,0.7992491914621616,0.367199429966686,1.911880597157076,0.2950345236585853,0.2457013635967163,0.3730938371703884,0.4763642084024561,43,0,HRGMDHAGLIQ
1,1.0,-723.502042812893,3.578195257095663,0.3470716401264821,0.8011801590137064,0.3615931105108352,1.915931655842642,0.2804211268280258,0.2427726151323859,0.3707968437882165,0.4545861375347966,43,1,HRGMDHAGLIQ
2,2.0,-712.5888219794823,3.4659296333825345,0.3481469992893343,0.7928594515637786,0.408526355196311,1.7617193545647596,0.2802068919387666,0.2347809643531401,0.3738516086236353,0.4411245386818872,43,0,HRGMDHAGLIQ
3,3.0,-713.0863756210813,3.784738226553439,0.3470609680918773,0.7917512217026544,0.3715754558922721,1.987290888074972,0.2906021673242726,0.2463132888503691,0.3868267063473803,0.44832908139424,43,0,HRGMDHAGLIQ
4,4.0,-704.2032091574332,3.77589793644744,0.3527188135386239,0.7964795829396661,0.3910370005297099,1.856102095727104,0.2909345365745538,0.2467692303617536,0.3850573086625135,0.5055908620690095,43,0,HRGMDHAGLIQ
0,0.0,-730.2259444816768,3.867987872550061,0.3491367116680121,0.4245431621185896,0.3708862330506691,2.142282871729284,0.2963306714141267,0.2345656372344205,0.3728493222675454,0.4446962538000822,44,1,RWSWDWYAWRW
1,1.0,-721.617446883656,3.476430947536989,0.3454332845980186,0.4506631170954871,0.3615495580796024,2.019350732162349,0.294679047786205,0.2314125120662364,0.3729471135527915,0.4599915538371718,44,0,RWSWDWYAWRW
2,2.0,-725.336253259131,3.895455455578093,0.3429489285483035,0.4418797481473079,0.3607320809601402,2.1856872025045724,0.3011211501912459,0.2433981060903199,0.3718406782972825,0.4502620778011079,44,0,RWSWDWYAWRW
3,3.0,-721.3614692367058,3.48894243240399,0.3380316731499595,0.4571974980297447,0.364051781192497,1.863140131540728,0.2934142059534804,0.2373183402445187,0.3803899975865848,0.4167747661473664,44,0,RWSWDWYAWRW
4,4.0,-721.2923206982487,3.792362076737632,0.3458568713822025,0.4496656628353589,0.373807035612479,2.059932716615484,0.2998285458865189,0.240125584674778,0.3733996914892816,0.4718308344103039,44,0,RWSWDWYAWRW
0,0.0,-708.2470976159059,3.737597951321838,0.3508313672163164,0.4602888636363918,0.3705776804600739,2.542152504934976,0.2763845650109304,0.2448536321491537,0.2980981545833115,0.4532600275216654,45,0,KWMVRYHVFIW
1,1.0,-696.1634764676829,3.8716568961147138,0.3378130917337115,0.4797747960395074,0.386214591008112,2.234395441875538,0.2932574409011954,0.2513039043269759,0.316076036798035,0.4449201714491493,45,0,KWMVRYHVFIW
2,2.0,-702.3699374798015,3.798045478150606,0.3410585757447404,0.4669191434699744,0.3921715494214412,2.2042497850902185,0.2775783808108157,0.2414241700598607,0.3297437122241349,0.4391171219292017,45,0,KWMVRYHVFIW
3,3.0,-708.420798449774,3.858945137866137,0.3383585327797969,0.472329854145019,0.3587166473368695,2.488425107498306,0.2869921867091174,0.2518785615085442,0.3105104430086322,0.4627534947062401,45,1,KWMVRYHVFIW
4,4.0,-692.9268331682923,4.2316742015288495,0.3502225358362862,0.5159810886153581,0.368280749078009,2.461328509087992,0.2790746715925827,0.2461822559681411,0.2875687828282123,0.4498325002098184,45,0,KWMVRYHVFIW
0,0.0,-708.6134110700962,3.794635992261128,0.3441712784878841,0.797618129093731,0.3532727893363039,2.0152149567897366,0.2782316067855479,0.237948879369352,0.329075850063892,0.4516338849403701,46,0,RADDDVHALEW
1,1.0,-712.8135024537177,4.0075157371164165,0.3504455513712736,0.8030106987365295,0.3672891941004453,1.9946526797114288,0.2735116258137028,0.2479790848760105,0.2992538562300639,0.4666723676640897,46,0,RADDDVHALEW
2,2.0,-715.3289371478274,4.056602764199632,0.3544376435921222,0.7945619762590058,0.3605509904042155,1.9904282488359328,0.2783107358553298,0.2496517174954019,0.296406206256843,0.4551453864782943,46,1,RADDDVHALEW
3,3.0,-705.793230829759,4.233475010198848,0.3393594184455902,0.794577616901113,0.3739028574798983,1.923921254570326,0.2839258626344139,0.2551274063828649,0.3045534711771023,0.4927412604576091,46,0,RADDDVHALEW
4,4.0,-701.349719354639,3.758139993977249,0.3436480141961445,0.7936744535541631,0.3680748432480076,1.9550220208501368,0.2812693911762041,0.2378031788602097,0.3038349837272606,0.4658036025623331,46,0,RADDDVHALEW
0,0.0,-727.4944512786499,3.768351274678865,0.345217730718416,0.8013556977223563,0.3481701701031872,2.7462510044810893,0.2880981319775615,0.2307791507648643,0.3667685653898546,0.4479537935037189,47,1,SRSPDSGRFAW
1,1.0,-724.7748066605463,3.7081017179967577,0.3511660114987956,0.7848672833349123,0.3834539123053744,2.8817546208731875,0.2928679928811747,0.247009811947807,0.3928201961098009,0.3991245546166991,47,0,SRSPDSGRFAW
2,2.0,-726.114477542045,3.9878882979739823,0.3415696619265768,0.7884579700747525,0.3669095525335763,2.862063146199857,0.2987734319906039,0.247935627346591,0.3681246484236806,0.4662340759475678,47,0,SRSPDSGRFAW
3,3.0,-724.8113349940185,4.089283547595631,0.341567241166505,0.7904924249240906,0.4037796651797779,2.84874203494442,0.3025278431760663,0.2488353033330517,0.3721023803510207,0.4541412899982888,47,0,SRSPDSGRFAW
4,4.0,-723.2838253591003,3.8857735011827375,0.3422026422072327,0.8012034746856125,0.3655630061147738,2.7792171226350644,0.2953572246201839,0.2471118356336805,0.374960515404286,0.4779140341395765,47,0,SRSPDSGRFAW
0,0.0,-728.169531918334,3.862566481521166,0.3437736197761489,0.4684652239505825,0.43412259167211,1.7204290935344928,0.2798954774286248,0.2490195132670579,0.3857997287888033,0.4465040461266532,48,1,RKDDTKHAFRF
1,1.0,-724.2525281770695,3.502913386095577,0.3367505589058313,0.4331896560547117,0.4033143216507108,1.764978815578622,0.2831772554211131,0.2444511853920048,0.3849073088723321,0.4757391952883579,48,0,RKDDTKHAFRF
2,2.0,-713.1821831344887,3.8184033305012903,0.3458652169146995,0.4432859186403182,0.3877594277373404,1.8109160189703304,0.2939155101892693,0.2338764922101445,0.3841612218866632,0.474696485752321,48,0,RKDDTKHAFRF
3,3.0,-721.1230604374091,4.003942467181778,0.3401983377633484,0.4412836110324039,0.3867450359600322,1.8052237165141267,0.2854316476824993,0.2562280665158695,0.3819195171808808,0.4827477312164083,48,0,RKDDTKHAFRF
4,4.0,-722.3582794468962,3.8697138598864593,0.3528093529431189,0.4487558764368711,0.4117302737319289,1.7127645169376249,0.2931404773207587,0.2469071874715016,0.3840957030694683,0.4814550991869223,48,0,RKDDTKHAFRF
0,0.0,-724.6532291320402,4.011523204114544,0.3414001533475969,0.8183813317962861,0.3665089336303074,1.612635719701564,0.2865247812204461,0.2489361333273392,0.3198717611464846,0.4650862733199922,49,0,GDDDKRHFLIH
1,1.0,-731.7656119151136,3.7101928851641306,0.3370777146154333,0.8091553675107035,0.4321184786070371,1.5389981375181296,0.2737061375263817,0.2490809852080659,0.3017672769139455,0.4757419115548278,49,0,GDDDKRHFLIH
2,2.0,-737.3587321566126,3.9089848925701776,0.342679293084447,0.8108076661965545,0.401262086518378,1.4981605873325634,0.2898847870775736,0.2517828739691106,0.3710532239149535,0.4895966879903065,49,0,GDDDKRHFLIH
3,3.0,-739.0170823689418,3.6936960304423367,0.3415384863248966,0.8132401919881767,0.4006936198425023,1.5364862919378606,0.275807777261196,0.2527530264707766,0.2961400777879657,0.4693518568632149,49,1,GDDDKRHFLIH
4,4.0,-730.1864545760985,3.856641470772874,0.3412493615292528,0.8148357052014951,0.3723615789710275,1.6051106166479436,0.2795267918197689,0.2437603857390707,0.2921060791160068,0.4659531380747299,49,0,GDDDKRHFLIH
